Entailment,Neutral,Contradiction
0.86336535,0.1333884,0.003246283
0.072899766,0.9043442,0.022756072
0.027401917,0.9722182,0.00037983342
0.6321711,0.36519367,0.002635213
0.064108916,0.2346421,0.701249
0.042913523,0.30140635,0.6556801
0.6847976,0.3085521,0.0066503244
0.18413575,0.80670744,0.009156784
0.00062594004,0.97300535,0.026368685
0.024574531,0.010733858,0.9646916
0.67723393,0.26988053,0.052885592
0.31697258,0.11338167,0.56964576
0.8341145,0.06885005,0.09703541
0.9572548,0.041303046,0.0014420416
0.00022405772,0.984036,0.015739936
0.029072186,0.0020956441,0.96883214
0.0003292178,0.9928087,0.0068621323
0.0019069706,0.018070895,0.98002213
0.99312145,0.00081052916,0.0060680336
0.99972934,0.00010102171,0.0001695853
4.796361e-06,0.99994934,4.591376e-05
0.999522,0.00041344407,6.4603686e-05
2.5282718e-05,0.9999262,4.8505033e-05
0.99360985,0.0060525704,0.0003376015
0.8450723,0.01807238,0.13685532
0.98926383,0.009965316,0.00077088113
0.00010294378,0.010741792,0.98915523
0.13439685,0.03385111,0.83175206
0.8303979,0.16899122,0.0006108788
0.9850211,0.00045172335,0.014527226
0.0005599531,0.045900613,0.9535395
0.0005391784,0.99944884,1.1947509e-05
0.019185707,0.067573115,0.9132412
0.9804745,0.0037612335,0.015764294
5.5491673e-06,0.99974936,0.0002451371
0.0054678535,0.0008747025,0.9936575
0.000693838,0.96821654,0.03108954
0.6105729,0.38903385,0.0003933395
0.005226407,0.9903329,0.004440665
0.0017495394,0.99795425,0.00029624006
0.064906284,0.0041948473,0.93089885
0.9808508,0.00051832147,0.018630888
0.00044294962,0.0009094181,0.99864763
0.09923515,0.6425109,0.25825393
0.79146206,0.19780032,0.010737625
0.0009728324,0.99821645,0.0008106341
0.08831721,0.9070562,0.0046265684
0.030151438,0.89400727,0.07584132
0.0038505094,0.988187,0.007962433
0.17349659,0.8228518,0.0036516383
0.9944237,0.0050931238,0.00048318756
0.9857707,0.011753786,0.0024755152
0.9107718,0.08006178,0.009166474
0.025866568,0.96746516,0.0066682934
1.2456224e-05,0.9999504,3.7076967e-05
4.6850233e-05,0.0055347714,0.9944184
0.31568018,0.5900553,0.09426458
0.019045515,0.0033630128,0.9775914
0.04017876,0.9525108,0.007310511
0.035118237,0.005509508,0.9593722
0.0821982,0.0034465066,0.9143554
0.8814713,0.11350004,0.005028676
0.9996829,0.0001962128,0.00012100661
0.2797128,0.715205,0.005082224
0.9916352,0.008245937,0.00011896829
0.30571726,0.61481553,0.079467244
0.012728522,0.3788149,0.60845655
0.0050963787,0.008438412,0.9864652
0.046182696,0.0021674666,0.9516498
0.008356201,0.17975354,0.8118902
1.3449282e-05,0.99943215,0.0005543459
0.0002547434,0.99602306,0.0037221573
0.003737364,0.98352414,0.012738482
0.002188689,0.0019102804,0.9959009
0.9342863,0.060202487,0.005511198
0.042361822,0.95708764,0.0005504983
0.973079,0.010473544,0.016447438
0.990764,0.009198433,3.7536145e-05
0.00016859226,0.99935645,0.00047493738
0.00083643466,0.8193829,0.17978066
0.0027694465,0.1797957,0.8174349
0.0037327101,0.01160061,0.9846667
0.32676533,0.6711494,0.0020852974
0.99601525,0.0036812872,0.00030345315
0.0009334422,0.12105491,0.8780117
0.0036893177,0.99620664,0.00010405047
0.9972908,0.00020159569,0.0025075078
0.05370719,0.9133949,0.032897837
0.113234155,0.72179043,0.1649754
0.014991164,0.9832791,0.0017296966
0.39692268,0.60294765,0.00012962565
0.027429523,0.004931065,0.9676394
0.00047887577,0.0011997182,0.99832135
2.0880943e-05,0.0012479424,0.9987312
0.00023402537,0.032726783,0.9670392
0.9997931,0.00017131746,3.5629888e-05
0.08485775,0.88528514,0.02985711
5.107173e-05,0.0005142899,0.99943453
0.03196619,0.15507905,0.8129548
0.00036228387,0.02585723,0.9737804
0.953656,0.0042784284,0.042065546
0.9622597,0.035800546,0.0019398041
0.9293446,0.03246134,0.038194057
0.9148635,0.00721155,0.077925
0.002284242,0.020281708,0.9774341
0.009005744,0.0032908828,0.9877033
0.9659375,0.025747746,0.008314796
0.22359264,0.7763235,8.382474e-05
0.44204015,0.556988,0.00097184017
0.0005005139,0.99920136,0.0002982037
1.703215e-06,0.9998068,0.00019148775
0.0047590453,0.7473483,0.2478927
0.119756274,0.004682594,0.8755612
0.0003871695,0.87941813,0.12019466
0.04130303,0.002761422,0.95593554
8.658503e-05,0.0021826124,0.9977308
0.8124995,0.009203497,0.17829701
0.018934732,0.075514354,0.9055509
4.1464053e-05,0.9997485,0.00020997706
0.013782903,0.9861377,7.9425634e-05
0.74067134,0.25878334,0.000545336
0.7140315,0.23498468,0.050983757
0.0012518439,0.99869734,5.0841103e-05
0.15945204,0.8386934,0.0018546033
0.914433,0.07080105,0.014765964
0.057837136,0.9419743,0.00018856353
0.37642464,0.62288094,0.0006944071
0.004692337,0.99475384,0.0005537806
0.9592867,0.04024942,0.00046396584
0.9951557,0.003531565,0.0013128134
0.6652147,0.33294556,0.0018396608
0.66352355,0.3361095,0.00036694462
0.99973494,0.0002363527,2.8707998e-05
0.99864525,0.0012671973,8.764165e-05
0.00048484493,0.015099474,0.9844156
0.09675525,0.9024875,0.000757237
0.99931836,0.00021869749,0.00046297794
0.017774846,0.98186743,0.00035766253
0.15827833,0.8406022,0.001119521
0.010857309,0.8912546,0.09788809
0.00065750786,0.999005,0.00033753837
0.4907184,0.45579657,0.05348507
0.99874914,0.00020344132,0.0010473266
2.0621555e-05,0.00048141467,0.999498
0.43708336,0.5617616,0.0011549552
0.082340986,0.91751367,0.000145414
0.06336121,0.000711558,0.9359272
0.36352623,0.019732993,0.6167407
0.028933853,0.00038971883,0.9706764
0.36404392,0.63584924,0.000106831445
0.19449264,0.071485005,0.7340224
0.994399,0.005574842,2.6020973e-05
0.00018490531,0.00022391923,0.9995912
0.99623716,0.0024700952,0.0012927544
0.00043579531,0.006225714,0.9933385
0.0031572522,0.9921225,0.0047202026
0.0028850895,0.98433924,0.012775707
0.00011277044,0.017480217,0.982407
0.080411404,0.8955752,0.02401336
6.153587e-05,0.9747823,0.025156215
4.701432e-05,0.9997254,0.00022759706
0.00031604528,0.20301822,0.7966657
0.0006615632,0.0027869618,0.9965514
0.9278974,0.06251374,0.009588925
0.0009521045,0.9985096,0.00053832453
0.17727849,0.8216626,0.0010589266
0.9901406,0.00655497,0.0033043846
0.46729192,0.4606023,0.0721057
0.9354005,0.04430501,0.020294573
0.04266115,0.0059708115,0.9513681
0.0004756297,0.9982318,0.001292549
0.32550567,0.5346065,0.1398878
0.98643875,0.003942157,0.009619094
0.14465433,0.002700166,0.8526455
0.00023615352,0.00053403847,0.9992298
0.79555476,0.0027238189,0.2017214
0.0048196977,0.9930328,0.0021474652
0.006493572,0.00012720849,0.99337924
0.97710615,0.022565149,0.00032866298
0.9730497,0.024203146,0.0027471185
0.028216684,0.9715118,0.00027154267
0.00041489088,0.044138044,0.955447
8.411656e-05,0.99736315,0.002552738
0.054172296,0.08138276,0.8644449
0.009346864,0.8982391,0.09241409
0.98508346,0.014871067,4.5407596e-05
0.9977992,0.0007851888,0.0014156431
0.11810458,0.87923646,0.0026589294
0.003365798,0.010428854,0.9862054
0.99528,0.0046245083,9.5533374e-05
0.03208957,0.96742433,0.00048613027
0.008878667,0.002734385,0.9883869
0.00045259824,0.99452424,0.005023127
0.9804223,0.018339092,0.0012385917
0.0384592,0.93687475,0.024666019
0.9938636,0.00045926162,0.005677239
0.00026005777,0.006314302,0.9934256
0.93140996,0.05921729,0.009372681
0.0002949085,0.024192208,0.97551286
0.1516556,0.00035239797,0.847992
0.88279635,0.113798976,0.0034046809
0.54852444,0.45095107,0.00052456517
0.99800795,0.0019148642,7.7227225e-05
0.07293925,0.00074832956,0.9263124
3.88029e-05,0.9998258,0.0001354198
0.99342936,0.006316934,0.00025362324
0.10373993,0.8950281,0.0012319224
0.005284898,0.99433595,0.00037913004
0.09145594,0.896982,0.011562103
0.030682359,0.9662279,0.0030897902
0.013865342,0.9144841,0.071650565
0.3200563,0.6320951,0.0478486
0.0010834547,0.8759357,0.12298088
0.08236289,0.91666955,0.00096758717
0.035756152,0.0038519201,0.960392
2.2175645e-05,0.99989855,7.923687e-05
0.0011809017,0.320509,0.6783101
0.00048601022,0.012666116,0.98684794
0.019807123,0.07895184,0.901241
0.0014401425,0.9246022,0.07395765
0.99810225,0.0014435455,0.00045427636
0.6089767,0.39065084,0.00037248034
0.9002097,0.00087269745,0.09891757
0.8947282,0.10507463,0.0001972268
0.0005620022,0.36900562,0.6304324
0.9990301,0.00065971084,0.00031018877
0.02694358,0.0023190032,0.9707374
0.00019485173,0.012728718,0.98707646
0.06335365,0.046420548,0.8902258
0.42821935,0.569594,0.0021866057
0.9987978,0.00066062284,0.00054163556
0.96490043,0.034065656,0.0010339107
0.00037367572,0.99904114,0.00058511837
0.0040966854,0.9941929,0.0017104263
0.95189977,0.045069143,0.0030310955
0.58099765,0.09016949,0.32883292
0.21534559,0.7782884,0.00636598
0.9986192,0.00078876,0.0005920305
0.99024653,0.0071969065,0.002556523
0.9934637,0.006236854,0.00029938843
0.021902246,0.9560051,0.022092635
0.00060016994,0.0001572362,0.99924266
0.7984896,0.17776941,0.023741072
0.0014010684,0.99834025,0.00025868588
0.7852234,0.21449988,0.00027666154
0.008652621,0.99088204,0.0004653598
0.0018953542,0.00068844686,0.99741614
0.12901053,0.86982673,0.0011627645
0.9358205,0.003926468,0.060253114
0.997521,0.0022097994,0.0002692785
0.0054847226,0.9944924,2.2899228e-05
0.25234553,0.2988227,0.44883186
0.99955994,0.00035975678,8.02982e-05
0.09284404,0.90384334,0.0033125863
0.44279122,0.030496046,0.5267127
1.596879e-05,0.9999769,7.2023663e-06
0.9977876,0.0021584874,5.3906122e-05
0.0027912722,0.008093071,0.98911554
0.032524776,0.010232766,0.95724237
0.01741083,0.0026179745,0.9799712
0.0068691354,0.9930687,6.2203275e-05
0.00036894676,0.99172455,0.007906543
0.9721671,0.019842176,0.007990672
0.25463647,0.08264896,0.66271466
0.7377616,0.0018143377,0.26042402
0.4696397,0.5140298,0.016330443
0.00021120626,0.0031508608,0.99663794
0.99454415,0.005178369,0.0002774734
6.915532e-05,0.0012951534,0.9986357
0.0062733423,0.013166273,0.9805604
0.99952745,0.0004044437,6.814358e-05
0.8594619,0.13910118,0.0014368981
0.00046343735,0.0036669043,0.9958696
0.25088114,0.004578709,0.74454015
0.0008701482,0.9948125,0.0043174042
4.3390406e-05,0.99991095,4.560987e-05
0.99931085,0.00014891576,0.00054019573
0.99299884,0.004266926,0.0027341878
0.0012141023,0.0010973114,0.99768865
0.01971879,0.15235546,0.82792574
3.9476854e-06,0.9999875,8.573431e-06
0.98924387,0.0042474237,0.0065087886
0.9880315,0.0033742434,0.0085942615
0.16831718,0.032765556,0.79891723
0.18245257,0.81364363,0.0039038262
0.8355202,0.16382425,0.0006554853
0.0008862059,0.999099,1.4845138e-05
0.8556293,0.14081672,0.0035539623
0.92171353,0.016328892,0.061957553
0.60461843,0.39133373,0.0040477966
0.91078436,0.008525247,0.08069048
0.0001312831,0.9978801,0.0019886468
9.651902e-06,0.99571157,0.004278769
0.7990311,0.080181636,0.12078729
0.98279333,0.014405926,0.0028008255
0.98968863,0.009658828,0.0006524953
0.28163788,0.7043459,0.014016262
0.801938,0.19734937,0.0007126611
0.9939936,0.0014609192,0.004545572
0.9939283,0.0060070506,6.4621025e-05
0.9994473,0.00047917658,7.347804e-05
0.007575767,0.011539125,0.980885
0.55215746,0.44683024,0.0010123132
0.9918806,0.0080691315,5.029032e-05
0.00065046997,0.04042577,0.9589238
0.010220536,0.9897222,5.725472e-05
0.010616647,0.14251234,0.846871
0.99857366,0.0012969523,0.0001294005
3.0482599e-05,0.9946043,0.0053651724
0.9645568,0.03342424,0.0020188815
0.98556536,0.0093249045,0.005109677
0.9254997,0.03515949,0.039340854
0.0007588238,0.99887294,0.000368209
0.0011443653,0.0003391808,0.9985165
0.58496964,0.41306254,0.0019678015
0.9214257,0.078387365,0.00018695623
0.99840087,0.0014765281,0.00012260645
0.1561955,0.46514478,0.37865975
0.2953802,0.70241934,0.0022004282
0.7286372,0.27103153,0.00033118765
8.985963e-06,0.99995565,3.5309302e-05
0.95737565,0.041971467,0.0006528245
0.9911713,0.0050335564,0.003795048
0.015367638,0.97958976,0.0050426545
0.0061770906,0.99246675,0.0013561537
0.9988512,0.0010793433,6.937392e-05
0.99708456,0.0028486992,6.685623e-05
0.006040105,0.9938985,6.137952e-05
0.75391906,0.23301455,0.013066354
0.03034881,0.9670457,0.0026054888
0.87356883,0.003227829,0.123203315
0.00015289086,0.99889946,0.00094765885
0.0030456425,0.9633403,0.03361412
0.741935,0.020017559,0.23804747
0.948935,0.0023596631,0.048705366
0.78462946,0.21514107,0.00022945576
0.10651146,0.01702706,0.8764615
0.0017837672,0.0046940665,0.9935222
9.7151766e-05,0.9497459,0.050156925
0.010702499,0.009020633,0.98027694
0.89661306,0.08068217,0.022704726
0.0062357527,0.012797777,0.98096645
0.51150703,0.4851418,0.0033511124
0.86589867,0.014504004,0.119597316
0.0023522028,0.00090458116,0.99674326
0.0020931177,0.63085645,0.3670504
0.000118898075,0.033134975,0.96674615
0.9529766,0.044263884,0.0027595824
0.007627578,0.0065970654,0.98577535
0.9511013,0.047980625,0.00091799063
0.076527454,0.9229796,0.0004929672
6.1219886e-05,0.0063801864,0.9935586
0.9553207,0.044517927,0.00016133778
0.9613037,0.012320979,0.026375389
0.074818686,0.24018434,0.684997
0.03441477,0.9577749,0.007810312
0.0004463494,0.005658986,0.99389464
0.05198416,0.023633258,0.92438257
0.012296178,0.38353124,0.6041726
0.017863674,0.98066264,0.0014736456
0.465902,0.5305212,0.0035768095
0.94786423,0.05101931,0.0011165102
0.000559201,0.102176614,0.8972642
0.061647438,0.9362319,0.002120592
0.88511056,0.011250815,0.10363859
0.00654901,0.9907883,0.0026626703
0.39750683,0.43641916,0.16607398
0.13145432,0.8645946,0.003951134
1.2971126e-05,0.99995804,2.8964545e-05
0.0041932357,0.794714,0.20109282
0.0017437143,0.00025146775,0.99800473
0.0072795735,0.99098784,0.0017326445
0.039335728,0.95979154,0.00087266456
0.0002033449,0.9981035,0.0016931776
0.00029115146,0.736621,0.26308787
0.8613554,0.014106975,0.12453756
0.43220586,0.55279845,0.014995761
0.0038056467,0.99455196,0.0016424683
0.0073634847,0.9914957,0.0011407731
0.9748754,0.016256802,0.008867698
0.0006483501,0.985401,0.013950637
0.009219166,0.20243283,0.788348
0.9978929,0.0014724417,0.00063458877
0.00017110024,0.00052810705,0.99930084
9.939648e-06,0.99482745,0.005162551
0.0128378635,0.15203331,0.83512884
0.00049612165,0.03217116,0.9673327
0.0012585038,0.8653419,0.13339959
0.0004205772,0.99718624,0.002393111
0.000317072,0.99232435,0.007358563
0.9946668,0.004702158,0.00063108146
0.0007105708,0.035665262,0.9636241
3.148985e-05,0.9998907,7.7842524e-05
0.0030651174,0.99544626,0.0014885826
0.99334747,0.005788643,0.0008638879
0.999172,0.0006738017,0.000154197
2.1102896e-06,0.99992967,6.823858e-05
0.0018728551,0.001016228,0.99711096
0.0088880425,0.00038863215,0.9907233
0.0030485522,0.9968863,6.515506e-05
0.0024442887,0.9955213,0.0020343824
0.9984316,0.0015495211,1.8864206e-05
0.0001639182,0.01365987,0.9861762
0.00031534096,6.203862e-05,0.9996226
0.607306,0.0023032385,0.39039075
0.0028877354,0.0010001942,0.99611205
0.0026544246,0.70280844,0.2945371
0.00037847567,0.99365824,0.0059632426
0.039691627,0.9591713,0.0011371007
0.95707256,0.04039225,0.0025352666
0.9996195,0.00032737647,5.319754e-05
0.9898774,0.009577737,0.0005449847
0.15848713,0.051915865,0.78959703
0.02193157,0.977466,0.0006025092
0.0100619765,0.9898638,7.4131145e-05
0.2766761,0.72271174,0.00061215804
0.9660958,0.0005719145,0.033332314
0.905053,0.072107054,0.022839935
0.99177164,0.00806197,0.00016633332
8.8786e-05,0.0075963954,0.99231476
0.11306578,0.78977025,0.09716401
0.19279778,0.04076014,0.7664421
0.9985185,0.0007214594,0.0007600741
0.98640835,0.013528061,6.365512e-05
0.00014664157,0.015230036,0.9846234
0.003920695,0.25691015,0.7391691
0.6112308,0.3880716,0.0006976484
0.982236,0.017131543,0.0006324328
0.9981159,0.0018519806,3.2101474e-05
0.00032234055,0.0685727,0.931105
1.743114e-05,0.9998419,0.0001405606
0.9962197,0.0028308171,0.00094945455
0.0012830317,0.0010339214,0.99768305
0.00030446026,0.99942565,0.00026994862
0.0008374511,0.017134909,0.98202753
0.0010071335,0.9985682,0.000424639
0.06273938,0.017974177,0.91928643
0.00069855584,0.53685814,0.4624433
0.02237342,0.97714067,0.00048591517
0.24599254,0.0077216816,0.7462858
0.0006365111,0.9969574,0.0024060241
0.0002185703,0.061915945,0.93786544
0.006017379,0.04403953,0.9499432
0.01377664,0.0017907002,0.9844327
0.062418263,0.6464127,0.29116905
0.012845978,0.98611206,0.0010419557
0.9914172,0.007202475,0.0013803012
0.8217404,0.17715499,0.0011046067
0.0844914,0.87012273,0.04538589
0.94619167,0.0007927368,0.05301561
0.0025325273,0.0001193635,0.99734807
0.0019985437,0.99755716,0.00044428333
0.9904144,0.009476823,0.00010872906
0.090465225,0.9087265,0.00080828584
0.9866964,0.0015081558,0.011795343
0.066731535,0.9326999,0.000568496
0.7372718,0.0135493195,0.24917892
0.007866289,0.9343463,0.057787407
0.7753245,0.06627548,0.15840006
0.9242491,0.06272397,0.013026887
0.016173966,0.9599814,0.02384469
0.25792402,0.7343366,0.0077393204
0.0011667621,0.89179146,0.10704177
0.9848114,0.01459343,0.0005950633
0.000112118374,0.0012978434,0.99859005
0.001178019,0.9987306,9.132018e-05
0.0042189583,0.0006878038,0.9950932
0.5051747,0.49427235,0.0005528918
0.025174985,0.96785676,0.0069682556
0.0010277104,0.99889034,8.198339e-05
0.03023497,0.96969867,6.6328284e-05
0.00027810046,0.006632599,0.9930894
0.31205475,0.6877634,0.0001818769
0.99947435,0.000107280706,0.00041849515
0.9979965,0.001839556,0.00016396612
0.024905022,0.015442114,0.9596529
0.9995167,0.0004683133,1.495661e-05
0.75788385,0.24172187,0.00039423927
0.014453718,0.13025677,0.85528946
0.00070330914,0.9992255,7.122947e-05
0.0006610325,0.99931383,2.518282e-05
0.00097303954,0.0011432867,0.9978836
0.7723087,0.15185526,0.075835995
0.9993518,0.0005242349,0.00012403305
0.09155054,0.33734185,0.5711076
0.00033230605,0.00044310835,0.99922454
0.42123064,0.040323526,0.53844583
0.99961275,0.00025183882,0.00013550837
0.0003575778,0.00084179424,0.99880064
0.00040255926,0.97787774,0.021719698
0.003719194,0.99623007,5.0742787e-05
0.029696567,0.7468584,0.223445
0.0039881906,0.9648072,0.031204605
6.6253044e-05,0.9998485,8.523235e-05
0.16314413,0.12212227,0.71473366
0.84416896,0.14703128,0.008799802
0.3022251,0.69734657,0.0004283518
0.0007872726,0.9981292,0.0010835225
0.04355359,0.95504856,0.0013978006
0.0039678602,0.00014085698,0.99589133
0.0010504266,0.9964412,0.002508335
0.0002949072,0.008848705,0.9908564
0.00070666516,0.07020899,0.92908436
0.9895405,0.010297465,0.00016212581
4.587157e-06,0.999948,4.7431004e-05
0.94342935,0.055286605,0.0012840563
0.0502847,0.8787451,0.07097015
0.14412406,0.8430173,0.012858636
0.011647585,0.9851618,0.0031906166
0.00048863085,0.003790901,0.99572045
0.00023406962,0.00078676816,0.9989791
0.00013386713,0.0039745136,0.9958916
3.4008062e-05,0.9915651,0.008400917
0.9685903,0.0007359674,0.030673726
0.9978181,0.0013101463,0.0008718164
0.00015321907,0.00035218042,0.99949455
0.9501788,0.049145147,0.00067605195
0.98365605,0.016240288,0.000103621074
0.0018031694,0.0017963307,0.9964005
0.99982435,0.00013464014,4.0949202e-05
0.5519705,0.4182664,0.029763145
0.0005857352,0.00953421,0.9898801
0.88787186,0.008896204,0.103232
0.32481676,0.6726228,0.0025604102
0.0031991806,0.9943954,0.0024054146
0.0026017425,0.99377716,0.0036211396
0.81400603,0.017233271,0.16876063
4.7564747e-05,0.99844956,0.0015028408
0.8884114,0.10645326,0.0051353355
0.99644536,0.0028640754,0.00069061154
0.00050967676,0.9787204,0.02076992
0.9163375,0.04148283,0.042179693
0.011043551,0.98844224,0.00051413657
0.0029352172,0.33727416,0.65979064
0.12139582,0.8472603,0.031343866
0.13330467,0.003346149,0.8633492
0.9986254,0.00088259456,0.00049202924
0.15960748,0.5474169,0.2929756
0.7249836,0.26674464,0.008271814
0.24252498,0.22515015,0.53232485
0.9768916,0.004511295,0.018597104
0.9335995,0.06251237,0.0038881877
0.75062954,0.03333756,0.21603288
0.00353738,0.9963785,8.4151885e-05
0.09335219,0.85818946,0.048458327
0.016279567,0.50004625,0.48367414
9.599595e-06,0.9999871,3.2812864e-06
5.9525423e-06,0.9999536,4.0441362e-05
0.8302376,0.16798216,0.0017802358
0.8923892,0.104977906,0.0026329206
0.16259468,0.017839383,0.81956595
0.0017417106,0.0077141807,0.9905441
0.27247828,0.5485925,0.17892927
0.07063748,0.0018864501,0.92747605
0.12172657,0.4117488,0.4665246
0.9997218,0.0002341751,4.3935877e-05
0.0010881342,0.00042206643,0.99848974
0.99908423,0.00074417394,0.00017157535
0.00048432252,0.001959334,0.9975563
0.11079327,0.0019192632,0.88728744
0.32886422,0.08643141,0.5847044
0.0015136589,0.00035893574,0.9981274
0.31103283,0.0006435583,0.6883236
1.7241566e-05,0.99988353,9.917768e-05
0.99971896,0.0002704887,1.0430421e-05
4.9422968e-05,0.99994755,3.0819706e-06
6.819871e-05,0.00024905233,0.9996828
0.008850152,0.9910908,5.9128033e-05
0.01084279,0.003343793,0.98581344
0.039437898,0.05003107,0.91053104
2.5719553e-05,0.004762368,0.99521184
0.002176334,0.9904417,0.0073820376
8.574311e-05,0.999897,1.7229897e-05
0.0019211863,0.018016249,0.98006254
7.648039e-05,0.9990652,0.00085834647
0.08410064,0.9143829,0.0015164586
0.9684353,0.016696446,0.014868194
0.0010827337,0.010499766,0.98841745
0.003391363,0.93835926,0.058249425
0.8773119,0.122136146,0.0005519439
3.400632e-06,0.9999901,6.550777e-06
0.00059015263,0.99937254,3.7326514e-05
8.011156e-05,0.9999069,1.2938366e-05
0.9822973,0.01471466,0.002987978
0.0010394342,0.96687675,0.032083865
0.015338588,0.98459387,6.7562454e-05
0.5732453,0.27270633,0.15404837
0.010716807,0.98829365,0.0009895153
0.9982323,0.0015633776,0.0002042865
0.5654315,0.41353884,0.021029685
0.004445247,0.611658,0.38389674
3.0799467e-05,0.9638747,0.03609454
0.28917497,0.7070937,0.0037313264
0.008357502,0.8790813,0.1125612
0.0003872643,0.9993824,0.00023032915
0.99952376,8.8587265e-05,0.00038766715
5.2895935e-05,0.999632,0.0003151284
0.31453887,0.65575683,0.029704275
0.7748799,0.21718688,0.007933202
0.9743256,0.022469042,0.0032053394
0.008291913,0.646539,0.34516916
0.021700421,0.977536,0.00076362275
0.99979347,4.9460283e-05,0.00015714279
0.013306267,0.21136267,0.775331
0.99135184,0.00018884703,0.008459365
0.9956742,0.004167943,0.00015789145
0.9792849,0.006016961,0.014698129
0.146857,0.39446685,0.45867616
0.68517864,0.005175246,0.30964616
0.19635057,0.619567,0.18408246
4.867743e-06,0.9983872,0.0016079195
0.2692318,0.109685674,0.62108254
1.4519854e-06,0.99999297,5.5386636e-06
0.006633673,0.99332833,3.80528e-05
0.00012684835,0.99960583,0.0002673227
0.00037717278,0.9241814,0.075441465
0.059638996,0.6282665,0.31209454
2.4887147e-05,0.9992384,0.00073676155
0.9992866,0.00047384851,0.00023956732
0.99907994,0.0008928469,2.7207878e-05
0.02451963,0.0077733356,0.96770716
0.0057221903,0.06916445,0.9251134
0.009769959,0.0130943265,0.9771358
0.009915727,0.0007614164,0.98932284
0.9983454,0.0010480579,0.0006065463
0.8751914,0.12298193,0.0018265976
0.7019857,0.29795277,6.149536e-05
0.11180288,0.8875057,0.00069142214
0.6470995,0.14570522,0.20719522
0.5831539,0.01672065,0.4001254
0.0039211633,0.033565152,0.9625137
0.00043444228,0.0044161906,0.99514943
0.02625575,0.91218543,0.061558828
0.99654645,0.000557675,0.0028959874
0.02244764,0.9744315,0.0031208787
0.0044934046,0.99449253,0.001014111
0.79579973,0.068589725,0.1356106
0.60153484,0.3960964,0.0023687351
0.48602083,0.5136569,0.00032229573
3.7307607e-05,0.99995005,1.2695357e-05
0.9613096,0.03853985,0.00015045896
0.99559397,0.0011584903,0.0032475225
0.009354061,0.7136948,0.27695113
3.133011e-05,0.9992933,0.00067527854
0.31720012,0.28222656,0.40057325
0.98826796,0.0106328735,0.0010991672
0.983356,0.016598564,4.5376408e-05
0.0006202511,0.5894997,0.40988
0.8953312,0.10452259,0.00014618896
0.044538934,0.003861986,0.9515991
0.006897796,0.00016198556,0.9929403
0.0008002016,0.0003042007,0.9988955
0.00022408675,0.9978655,0.0019104952
0.98612076,0.011505075,0.0023741042
4.9520237e-05,0.9976954,0.0022551313
0.00051954715,0.9952425,0.0042380593
0.0013549116,0.012113764,0.9865313
5.8698566e-05,0.99979705,0.00014431993
0.00015013087,0.9662297,0.033620186
0.0040270835,0.0032604293,0.9927125
9.4207164e-05,0.09075381,0.909152
0.00090152025,0.9669065,0.032192
0.0001921909,0.9997985,9.332526e-06
0.87638134,0.11995723,0.003661485
6.3107145e-05,0.9986645,0.0012723575
0.09398248,0.0073119933,0.8987055
0.034291368,0.009366745,0.95634186
0.99946874,0.00050132436,2.991999e-05
0.9991204,0.00047872736,0.00040087514
0.005835964,0.99341524,0.0007488175
0.110193826,0.8787841,0.011022085
0.0026126753,0.8948922,0.10249506
0.0003823837,0.9994879,0.00012975647
0.0025304586,0.99618465,0.0012848439
0.040860448,0.0016367084,0.9575029
8.297797e-05,0.9999018,1.522656e-05
0.9972119,0.0005425106,0.0022456008
0.9973665,0.0023790663,0.00025442813
0.09693125,0.010521336,0.89254737
0.8955328,0.10433527,0.00013191931
0.8289332,0.16959353,0.0014732801
0.0010611305,0.99878794,0.00015098875
0.9899339,0.008384575,0.0016815086
0.0002216352,0.010030459,0.989748
0.20589088,0.21774495,0.5763642
0.049406372,0.37179014,0.57880354
0.8187955,0.11330239,0.06790213
0.008275027,0.99146515,0.0002598492
0.95449585,0.029655593,0.015848547
0.9990734,0.00044436828,0.00048221878
0.38112864,0.102340944,0.51653045
0.9926933,0.004578902,0.0027278687
0.002633609,0.0024047142,0.99496174
0.1495628,0.8476224,0.0028147886
0.90535635,0.094372414,0.00027123606
0.8380364,0.13537839,0.026585132
0.00040003148,0.34150052,0.6580994
0.15937564,0.83951426,0.0011100346
0.010349629,0.9832133,0.006436992
0.0016583425,0.95494986,0.043391824
0.7228891,0.2735982,0.0035126817
0.9998822,5.9634953e-05,5.8220798e-05
0.9859367,0.009667213,0.0043961136
0.002253609,0.19375958,0.8039867
0.99659735,0.001344452,0.0020581754
0.999244,0.00040342464,0.0003526069
0.08795456,0.0020210694,0.91002446
0.99980336,0.00013339122,6.3330706e-05
0.9698841,0.028573774,0.0015421025
0.000102017584,0.050765134,0.94913286
0.00018149237,0.99947375,0.00034477052
0.0029109463,0.88441724,0.11267182
0.0007418972,0.009505108,0.989753
0.0009040988,0.9990575,3.8424707e-05
0.11620904,0.8672096,0.016581317
0.4962305,0.5034954,0.00027404333
0.59434056,0.020484038,0.38517532
0.0023839844,0.6162025,0.38141352
0.014501461,0.010065101,0.97543335
0.0014040965,0.9951357,0.0034602094
0.0016617952,0.7833227,0.21501555
0.66906965,0.32982963,0.0011006959
0.04996213,0.94923735,0.00080051925
0.0030003956,0.99587613,0.0011234913
0.0053724493,0.000528916,0.99409866
0.51828724,0.47835645,0.0033562777
0.19217716,0.023916107,0.78390676
0.027685026,0.0011564053,0.9711585
0.00032248275,0.006502348,0.9931752
0.40121073,0.55941796,0.03937129
0.00047847605,0.99919707,0.00032450515
0.105392866,0.8939297,0.00067742163
0.034384876,0.1668676,0.79874754
0.00010549255,0.9998852,9.315755e-06
0.15983415,0.7246185,0.115547374
0.020253109,0.71576095,0.26398593
0.012708493,0.8764734,0.11081812
4.0902373e-06,0.9999709,2.5039331e-05
0.9651407,0.018802691,0.016056687
0.00058945664,0.96620566,0.033204913
0.99656975,0.002935324,0.0004948848
0.000102892336,0.95237947,0.04751765
0.25565183,0.7256033,0.018744908
0.019426372,0.75053716,0.2300365
0.24805897,0.7504499,0.0014911176
0.004451974,0.00036766529,0.99518037
0.90798175,0.091511704,0.00050657056
0.99390066,0.0060270876,7.226031e-05
1.2891708e-05,0.99895537,0.0010317016
0.067642115,0.9317973,0.00056058925
0.1602433,0.8397026,5.407637e-05
0.9980718,0.0016854063,0.00024266618
0.98333263,0.005547596,0.011119879
0.0031357333,0.038329598,0.9585347
0.0003166753,0.0012843601,0.99839896
0.0038927968,0.73466367,0.26144356
0.0065923943,0.9189184,0.07448924
0.9832056,0.015808063,0.0009862708
0.09445552,0.429716,0.47582844
0.062167853,0.9332451,0.0045870286
0.00013196468,0.99945325,0.00041483072
0.06700331,0.27831283,0.6546839
0.00019640363,0.0015227597,0.9982809
0.9929125,0.007019831,6.772107e-05
0.52797633,0.4043166,0.06770706
0.0019465302,0.00881939,0.9892341
0.8641027,0.1184312,0.017466094
0.9998161,0.00014337624,4.0501793e-05
0.113690816,0.7819515,0.104357705
0.0004966207,0.9994948,8.576329e-06
0.00048363753,0.8187942,0.18072215
0.021531586,0.0047222623,0.9737462
0.040860914,0.9444002,0.014738975
0.9983767,0.0009051667,0.0007181097
0.0013381054,0.2455083,0.75315356
0.993779,0.0019960983,0.0042249626
0.40174848,0.006312626,0.59193885
0.39788282,0.60180295,0.00031423906
0.0010502924,0.99725705,0.0016926752
0.028283138,0.97050047,0.0012164052
0.9651621,0.0016353102,0.033202596
0.00021412618,0.007300039,0.99248576
0.9825701,0.013654097,0.0037757559
0.019223336,0.9807389,3.779124e-05
0.044398844,0.069615714,0.8859855
0.057550736,0.3966395,0.54580975
0.008622088,0.692756,0.2986219
0.6389822,0.0793623,0.28165555
0.032894153,0.960509,0.0065969084
0.0020326022,0.9978948,7.2584604e-05
0.05144639,0.5016842,0.44686946
0.16916196,0.011516854,0.8193212
0.009388188,0.018237676,0.9723742
4.2672084e-05,0.99989355,6.372223e-05
0.018178789,0.04338487,0.9384363
0.0094713885,0.98952883,0.000999789
0.9855101,0.011822834,0.0026671092
0.4658276,0.5338172,0.00035522584
0.99727124,0.0023499492,0.00037876624
0.019311592,0.9806142,7.421586e-05
0.99407923,0.0043793367,0.0015414766
0.060812254,0.9381573,0.0010304084
5.15635e-05,0.99498427,0.0049641393
0.00028395568,0.00040218953,0.99931383
0.97573006,0.013709569,0.010560344
0.96285725,0.0065285177,0.030614236
0.0004967258,0.9990363,0.00046702518
0.9967039,0.0030879271,0.00020814793
0.00011240811,0.062173612,0.9377139
0.00057634566,0.0017971735,0.9976265
0.999616,0.00024262619,0.00014128783
0.12978947,0.8517175,0.01849307
0.0008549764,0.9984456,0.00069952087
0.0011744272,0.9759986,0.022827001
0.67852885,0.3207727,0.00069846475
0.0034801182,0.9962204,0.00029951995
0.07711782,0.80218726,0.12069491
0.02326695,0.9730539,0.003679176
0.9456772,0.053885248,0.00043751465
0.09996506,0.89983016,0.00020481473
0.00012808424,0.9994961,0.00037582504
0.31799567,0.20975643,0.47224787
0.00028440115,0.999548,0.00016750183
0.0061002807,0.15747067,0.83642906
0.0008664315,0.0035280301,0.9956055
0.9912947,0.008597679,0.00010769384
0.0061718314,0.9936993,0.00012887402
0.997993,0.00059417606,0.0014128372
0.9681105,0.030179683,0.001709819
1.0311863e-06,0.99992836,7.063119e-05
0.0013663138,0.9043962,0.09423752
0.9908599,0.0075654383,0.0015746322
0.0016585225,0.9969426,0.0013988481
0.00029522314,0.00016811799,0.99953663
0.969559,0.015375729,0.01506517
0.003959483,0.008806213,0.9872343
0.51381075,0.3263546,0.15983464
0.00053268555,0.0030496423,0.99641764
0.076174155,0.06594899,0.85787696
0.9984553,0.0015281463,1.6490962e-05
0.00085081975,0.99050283,0.008646313
0.00093432347,0.5224983,0.4765674
0.0004074974,0.0005302688,0.99906224
0.013360266,0.0010743601,0.9855655
0.99806136,0.0017848116,0.00015386647
0.9991326,0.00084477296,2.2680762e-05
0.00036926646,0.9982917,0.0013390473
0.99362904,0.0025242523,0.0038466547
0.020876147,0.0029515557,0.9761723
0.99859315,0.001321537,8.5330335e-05
0.008670018,0.9912719,5.8094854e-05
3.0125753e-05,0.99996877,1.1552467e-06
0.00023983866,0.998912,0.0008481468
0.07786885,0.7749669,0.14716429
0.99895346,0.0010329627,1.3597256e-05
0.00065361464,0.99627703,0.0030693728
0.021119418,0.37627962,0.602601
0.022879152,0.0069036,0.9702172
0.34243637,0.65369076,0.0038728414
0.00032281768,0.019974649,0.97970253
0.00020724148,0.99820554,0.001587165
0.007888677,0.99188894,0.00022243109
0.0002650689,0.0024924155,0.99724245
0.00060198444,0.0022108431,0.9971872
0.02015863,0.4689068,0.51093453
0.0025733958,0.00031273754,0.9971138
0.0006723601,0.9993204,7.2667744e-06
0.052267205,0.0078071784,0.9399257
0.99820495,0.0015216547,0.0002733179
0.015631776,0.03191931,0.952449
0.9925557,0.0073602116,8.414876e-05
0.18528672,0.0028026705,0.8119106
0.00016585652,0.0032660863,0.9965681
0.9815392,0.01149683,0.006963989
0.01651291,0.22426409,0.759223
0.9970113,0.0028902944,9.8427525e-05
1.1504752e-05,0.99995506,3.3453944e-05
1.3422376e-05,0.99444264,0.005543943
0.367612,0.06910621,0.56328183
0.0025138836,0.9083154,0.0891707
0.32771257,0.5843355,0.08795196
0.90501857,0.070086494,0.02489499
0.97937155,0.018252367,0.0023761399
0.9991685,0.00082195696,9.470023e-06
9.749259e-05,0.00067013246,0.9992324
3.217959e-06,0.9995609,0.00043588338
0.09009555,0.88269573,0.027208675
0.00092343206,0.682462,0.31661463
0.0025469204,0.00026954987,0.9971835
0.9998068,0.00011704831,7.617496e-05
0.99845815,0.0015292689,1.2583227e-05
0.0011187437,0.9892657,0.009615552
0.0024283894,0.1230979,0.87447375
0.99933773,0.00061418366,4.8031125e-05
2.0291689e-05,0.98886126,0.011118432
0.41848758,0.37317708,0.20833537
0.9984902,0.0012952012,0.00021458609
0.9901389,0.0077638887,0.0020972588
0.99734324,0.0020399287,0.00061675924
0.0001222454,0.99985075,2.6998607e-05
0.026332483,0.97263056,0.0010369803
0.5117702,0.03302705,0.45520276
2.419217e-06,0.99998975,7.836499e-06
0.73681223,0.1623304,0.100857325
0.31475484,0.5281144,0.15713076
0.002216517,0.013532929,0.98425055
0.06621229,0.14706717,0.7867206
0.99844486,0.0013134965,0.00024161545
0.0020273242,0.92545384,0.07251878
0.016751556,0.5093987,0.47384968
0.39965403,0.5589576,0.041388415
0.7022716,0.29324844,0.004479981
0.9789327,0.004320192,0.01674714
0.0017698895,0.9982059,2.4161835e-05
0.9997168,0.00025418706,2.9006645e-05
3.871034e-05,0.0029181056,0.9970432
0.0006200788,0.9983506,0.0010293733
0.9198831,0.0011802248,0.078936666
0.013878904,0.00071546173,0.98540556
0.83964115,0.1600889,0.0002700003
0.99960417,0.00011247439,0.00028342067
0.97858626,0.021331834,8.188606e-05
0.014073792,0.88361967,0.10230657
0.08234962,0.00051865005,0.9171318
0.28945592,0.7091662,0.0013778973
0.52769715,0.11110203,0.36120084
0.9456402,0.0535085,0.00085123203
0.00235527,0.071651824,0.92599297
0.09534877,0.90393585,0.0007153344
0.033206325,0.16901343,0.7977803
0.08911988,0.5737177,0.33716238
0.97914964,0.0006570261,0.02019328
6.5595e-05,0.00027650967,0.999658
0.023656761,0.96666515,0.009678062
0.9998288,0.0001035298,6.760851e-05
0.18053287,0.80606365,0.013403458
0.43400693,0.043435723,0.5225574
0.9961402,0.00023538676,0.003624513
0.0008455106,0.9990947,5.9814985e-05
0.6508119,0.2927393,0.05644877
0.0024938907,0.9974222,8.385682e-05
0.37680754,0.013520822,0.6096716
0.9992091,0.000602156,0.0001887491
0.94958884,0.041014288,0.009396811
0.98935854,0.00972995,0.0009114432
0.0008501575,0.0017110853,0.9974388
0.0034458274,0.005545179,0.99100906
0.0010898192,0.9988796,3.0532512e-05
0.993447,0.0051758667,0.0013771366
2.529851e-05,0.013364088,0.9866107
3.0233794e-05,0.94552594,0.05444383
0.00013832678,0.9963875,0.0034742332
0.9805453,0.017782526,0.0016721874
1.317946e-05,0.9999168,7.003448e-05
0.066221505,0.93369704,8.146732e-05
0.014419591,0.08413708,0.9014433
0.04298733,0.11809022,0.83892244
0.9917996,0.004035177,0.0041653565
0.0030275169,0.9965461,0.00042642944
0.0027553209,0.96414477,0.03309996
0.047042,0.9526823,0.0002757161
0.5646287,0.013407143,0.42196414
0.08356746,0.05635738,0.8600752
0.8902214,0.015407566,0.09437101
0.0043336204,0.99441373,0.0012526127
0.0008639633,0.0028632244,0.9962728
0.00011922646,0.0019272937,0.99795353
0.9822563,0.0016676402,0.016076058
0.9994228,0.0005357652,4.15138e-05
0.00041700422,0.9772116,0.022371367
0.60687894,0.3904973,0.0026237553
0.8540158,0.07254497,0.073439196
0.22766848,0.5441153,0.22821619
0.24119316,0.08658427,0.67222255
0.9695384,0.017932193,0.012529457
0.97253597,0.023922872,0.003541126
0.6195254,0.3781407,0.0023338771
0.0013593707,0.998609,3.1680007e-05
0.00012917252,0.0017046719,0.99816614
0.998425,0.0007844185,0.0007905893
0.81519455,0.18417747,0.00062799937
0.16019559,0.8248369,0.014967443
6.655462e-05,0.99964166,0.00029183636
0.089145586,0.8903656,0.02048878
0.00030355668,0.99648905,0.0032073813
0.00081645494,0.99717736,0.0020061461
0.99704057,0.0025701262,0.0003892866
0.9921835,0.0050054966,0.0028110228
0.09873148,0.0031498198,0.8981187
0.9957218,0.0038120586,0.00046614918
0.98239845,0.013252019,0.004349562
0.94508165,0.054547817,0.0003705856
0.28074604,0.718584,0.0006699743
0.00041603044,0.9637282,0.035855796
0.005029121,0.9881116,0.006859305
0.45486405,0.48168147,0.0634545
4.9330218e-05,0.13850468,0.861446
0.00020806746,0.93340087,0.06639112
0.106815696,0.8815891,0.011595135
0.20802355,0.75364137,0.038335055
